obtenido,deseado
85.08305237298768,93.06060606060605
91.84278179240918,90.09090909090908
82.55777704659133,89.1010101010101
84.66008916391769,89.1010101010101
99.1647112681745,96.03030303030302
74.2643692551777,83.16161616161615
81.95824596996123,87.12121212121211
79.35854721764126,79.20202020202022
81.42787304980739,92.07070707070707
101.3914571648971,97.02020202020199
91.19449774834442,85.14141414141415
74.17346738758783,79.20202020202022
83.147637989248,89.1010101010101
99.33709613087382,96.03030303030302
83.89337683669734,91.08080808080808
67.14022874019645,79.20202020202022
94.31979079391894,92.07070707070707
99.4441022666703,96.03030303030302
93.49434951640308,91.08080808080808
92.34493753308386,88.1111111111111
94.76431078622848,82.17171717171716
-21.464892748395403,1.0
94.42758925345005,96.03030303030302
91.86683069165156,75.24242424242424
83.52746556462178,93.06060606060605
83.65403946714399,96.03030303030302
85.85830908319312,88.1111111111111
90.54484788035354,92.07070707070707
80.11898001653705,87.12121212121211
89.96111093181585,79.20202020202022
98.78246442638796,96.03030303030302
51.414914081935976,64.35353535353536
99.12052927793043,94.05050505050507
86.84848065647923,83.16161616161615
89.61458782445798,90.09090909090908
62.4570065177458,61.38383838383838
96.46724954598123,91.08080808080808
83.60443701549706,95.04040404040404
47.290096523029526,1.0
59.684564354558745,74.25252525252526
99.10419503058364,88.1111111111111
101.59362532488632,96.03030303030302
82.62299063333474,86.13131313131312
75.51415491459477,77.22222222222223
98.1248694812776,98.01010101010102
85.45665733943939,96.03030303030302
95.26968493549153,88.1111111111111
33.06653492521587,1.0
76.44663184236401,67.32323232323233
77.86910104320638,84.15151515151516
73.58559208334455,76.23232323232324
91.44854212034735,76.23232323232324
90.16353537986724,90.09090909090908
94.7068932638674,92.07070707070707
79.00778943683059,88.1111111111111
69.42232380310618,83.16161616161615
80.86179414671474,90.09090909090908
85.22280608348227,85.14141414141415
81.03332994894632,80.19191919191918
81.92027705781817,90.09090909090908
93.47179653829404,95.04040404040404
84.70686708969221,87.12121212121211
94.44942759346905,95.04040404040404
97.65800356748,96.03030303030302
86.23687739962595,94.05050505050507
97.78669662498226,98.01010101010102
82.52581398274074,92.07070707070707
100.33118036409213,94.05050505050507
75.75036658974992,80.19191919191918
71.13103310955503,77.22222222222223
101.29342239203164,96.03030303030302
96.40792312337486,98.01010101010102
83.11161224142448,95.04040404040404
61.62517889358144,59.4040404040404
100.5706642009037,97.02020202020199
81.62627217709442,80.19191919191918
97.21910161696053,88.1111111111111
86.24382714864603,86.13131313131312
97.9191624816996,98.01010101010102
85.23201522074513,88.1111111111111
85.77716644222959,94.05050505050507
38.74125873537705,1.0
82.59125553642278,93.06060606060605
92.30897006282342,87.12121212121211
99.01379927009292,93.06060606060605
100.84401435913286,98.01010101010102
82.07857217387281,90.09090909090908
100.48417636801474,94.05050505050507
77.84340878262462,85.14141414141415
80.41032636364062,83.16161616161615
85.09337844942011,84.15151515151516
98.00119567007798,90.09090909090908
63.140109600128326,65.34343434343434
83.84675698019736,91.08080808080808
82.64678756345018,89.1010101010101
84.57014585598799,91.08080808080808
-33.985438063931,1.0
84.69885462113758,96.03030303030302
78.6057307057534,73.26262626262626
93.18386553762544,88.1111111111111
88.15982155352151,89.1010101010101
92.89495154450256,90.09090909090908
67.10677076602207,60.3939393939394
82.64764418992209,96.03030303030302
42.04678273409922,1.0
79.37384140026259,86.13131313131312
76.54844578308564,88.1111111111111
61.981509018344845,71.28282828282828
72.44593425028717,85.14141414141415
91.57654393109497,86.13131313131312
82.76882560683413,94.05050505050507
97.78476407028978,97.02020202020199
76.71724164033986,80.19191919191918
81.28576582845943,80.19191919191918
85.4350300704889,96.03030303030302
96.99233595969542,97.02020202020199
98.95435019694052,96.03030303030302
75.05686866527736,80.19191919191918
85.27399340081244,87.12121212121211
100.48413541259917,98.01010101010102
97.36098162589913,90.09090909090908
100.1058747422283,95.04040404040404
95.64729648093727,93.06060606060605
85.0463295730807,98.01010101010102
82.93161299349774,92.07070707070707
85.81686691014588,91.08080808080808
78.18272957778524,84.15151515151516
98.2023822076955,98.01010101010102
11.75079657195819,1.0
80.5642493268036,74.25252525252526
91.64900602772596,93.06060606060605
85.38835272508143,86.13131313131312
74.7262872476505,75.24242424242424
97.12661918724237,86.13131313131312
96.82371569227959,82.17171717171716
90.56762976663158,86.13131313131312
85.7506054483472,89.1010101010101
81.88156939571077,95.04040404040404
76.84068252156881,81.18181818181819
82.14987074095458,90.09090909090908
86.1614046937587,95.04040404040404
99.70346814713233,94.05050505050507
76.5323141437878,87.12121212121211
82.49512751940911,93.06060606060605
86.46999490517462,85.14141414141415
81.47121761619292,93.06060606060605
79.11148620325685,85.14141414141415
94.9560680984591,95.04040404040404
73.50811414901068,87.12121212121211
86.61535594220744,84.15151515151516
78.134439115038,82.17171717171716
32.648945003256514,1.0
82.3476317911449,90.09090909090908
82.18700022962524,89.1010101010101
99.94292923284141,98.01010101010102
95.92636868052755,98.01010101010102
83.25638867425164,89.1010101010101
74.92534687324455,77.22222222222223
97.28618631827929,95.04040404040404
84.37039617095402,91.08080808080808
82.73316395104378,94.05050505050507
81.64486802300068,78.2121212121212
95.7488987044008,98.01010101010102
84.73359519921266,68.31313131313131
87.54090488120617,95.04040404040404
84.11764272143901,93.06060606060605
82.93394582702732,93.06060606060605
67.00981177134938,60.3939393939394
92.49693891597998,83.16161616161615
91.27985410229823,88.1111111111111
99.76480197431904,96.03030303030302
75.74684716358979,73.26262626262626
98.37063805677417,99.0
90.58753362014221,84.15151515151516
80.78785480205917,86.13131313131312
95.01927037560544,97.02020202020199
85.48061397034446,94.05050505050507
85.60518775441533,96.03030303030302
82.87698385731568,91.08080808080808
85.85710628582312,93.06060606060605
82.40009639428617,83.16161616161615
80.32604437554745,84.15151515151516
81.11785581932554,92.07070707070707
23.926112437244797,1.0
85.51344678645883,96.03030303030302
81.7739838324735,73.26262626262626
83.73069918740643,89.1010101010101
81.50902043819902,86.13131313131312
96.32617009451431,80.19191919191918
101.71394050055301,97.02020202020199
92.86076245115363,82.17171717171716
76.03213748213851,74.25252525252526
96.51332821466622,94.05050505050507
84.75704868325832,96.03030303030302
76.4099759225558,77.22222222222223
88.12778609999832,84.15151515151516
86.63656640411887,96.03030303030302
68.59118603429005,71.28282828282828
99.77024488046722,94.05050505050507
100.14196637222835,96.03030303030302
72.91181445390944,83.16161616161615
92.66496926222516,90.09090909090908
83.24811699355602,94.05050505050507
94.25529412156891,98.01010101010102
84.51922465750788,95.04040404040404
101.48312347029834,93.06060606060605
100.64947573351344,90.09090909090908
80.50034484193469,90.09090909090908
84.85786778761126,85.14141414141415
99.7536314485685,97.02020202020199
94.34244106958816,96.03030303030302
72.42808415869601,71.28282828282828
71.1100613998881,68.31313131313131
95.52836190652326,96.03030303030302
91.27327363207809,82.17171717171716
82.3488514961181,89.1010101010101
97.87521026726931,98.01010101010102
79.29035017257763,79.20202020202022
97.21291176658902,98.01010101010102
56.98209435943577,1.0
84.5504607877808,89.1010101010101
78.76060986791217,85.14141414141415
93.63398007421583,82.17171717171716
97.70895850022063,89.1010101010101
97.63383445062853,88.1111111111111
72.22929898827323,81.18181818181819
64.42282062898971,60.3939393939394
61.90833028916711,74.25252525252526
96.69230362405784,95.04040404040404
95.23524100850383,91.08080808080808
77.09442841241214,85.14141414141415
91.52942643378273,87.12121212121211
80.8908285389515,80.19191919191918
85.65815090805533,88.1111111111111
96.83983815519117,99.0
97.89731175922262,98.01010101010102
29.366761061969584,1.0
97.49611607481862,96.03030303030302
66.35540739098435,64.35353535353536
97.68512125367054,98.01010101010102
98.19794921049916,92.07070707070707
81.1017846024683,88.1111111111111
101.8608015657213,92.07070707070707
84.05690512767116,95.04040404040404
91.37639206465687,91.08080808080808
78.34854895332302,85.14141414141415
84.7795023320581,86.13131313131312
98.6618047588239,99.0
86.0307056501793,89.1010101010101
86.89471199708214,88.1111111111111
73.0483673583156,71.28282828282828
97.12224417966627,88.1111111111111
71.0327723832135,69.3030303030303
98.89476441068008,97.02020202020199
96.48378098214245,97.02020202020199
86.24222869275387,95.04040404040404
79.23842757526205,83.16161616161615
101.32176160028045,88.1111111111111
85.75204082656198,95.04040404040404
70.16632754633739,68.31313131313131
70.39461779258968,72.27272727272728
62.418181838675125,62.37373737373738
27.843899637893244,1.0
91.12463544601455,92.07070707070707
84.05204575974881,95.04040404040404
81.64154053803215,87.12121212121211
83.92740581205075,87.12121212121211
76.67273743842541,81.18181818181819
84.61518133647701,93.06060606060605
67.34136607423366,81.18181818181819
58.76905846368557,49.505050505050505
88.73493338351129,88.1111111111111
90.54827417373163,81.18181818181819
77.11004400620504,71.28282828282828
84.6766147790094,96.03030303030302
83.18524767590601,93.06060606060605
97.42073183132227,84.15151515151516
100.50587702015406,92.07070707070707
78.75799112129889,87.12121212121211
65.13068256404974,72.27272727272728
97.86532107950487,89.1010101010101
73.97349777020047,85.14141414141415
98.97892992660422,96.03030303030302
85.16135568821994,84.15151515151516
95.19066122929365,96.03030303030302
68.21705460355533,73.26262626262626
83.34444057753979,89.1010101010101
82.18978181326251,79.20202020202022
83.52481923472877,94.05050505050507
85.07604081096189,84.15151515151516
96.28197847122833,95.04040404040404
84.76718437749902,88.1111111111111
96.9831223852474,82.17171717171716
87.42586405657862,86.13131313131312
78.7940950985901,66.33333333333331
84.03937697144993,86.13131313131312
81.10537393108851,86.13131313131312
101.62962596427776,91.08080808080808
94.89028363690811,97.02020202020199
51.37818381661365,1.0
80.79104802854769,88.1111111111111
91.0827572253953,91.08080808080808
84.41412564944608,67.32323232323233
83.03767044980181,89.1010101010101
77.35968780908335,91.08080808080808
69.81573205812408,77.22222222222223
98.11138563746633,97.02020202020199
84.49032361344693,79.20202020202022
101.00124139892199,96.03030303030302
55.57539254973262,78.2121212121212
100.75871552172138,94.05050505050507
87.37360535558219,87.12121212121211
99.04966534803803,97.02020202020199
96.2884192974725,92.07070707070707
83.43920076779425,89.1010101010101
80.71343376883044,89.1010101010101
99.70164448227021,95.04040404040404
69.95207708207234,73.26262626262626
86.3740092203385,88.1111111111111
98.38815040744964,97.02020202020199
82.38140500272513,84.15151515151516
86.6056810917696,96.03030303030302
100.42916667222889,94.05050505050507
84.78083206776653,86.13131313131312
97.05817441180658,98.01010101010102
83.06524086130618,88.1111111111111
85.1380871739676,89.1010101010101
81.55686685949591,88.1111111111111
100.19062724693372,93.06060606060605
85.3450581172475,91.08080808080808
93.06716804940442,89.1010101010101
85.39712580106416,90.09090909090908
96.86625036169602,97.02020202020199
91.90981432642197,81.18181818181819
99.46864385676992,96.03030303030302
76.63786929203442,74.25252525252526
88.14039473379835,94.05050505050507
96.83817188043322,97.02020202020199
80.63029663456811,79.20202020202022
72.40066774467462,81.18181818181819
79.57120116647329,79.20202020202022
88.24017940433075,87.12121212121211
83.90384650193366,95.04040404040404
96.01872469239069,84.15151515151516
99.52755224139065,90.09090909090908
98.15129931345498,97.02020202020199
83.88186375048461,90.09090909090908
29.686257453808853,1.0
88.47447752161423,80.19191919191918
85.9731526305856,93.06060606060605
75.4428735219291,84.15151515151516
96.77527826379591,97.02020202020199
81.35639570110014,87.12121212121211
101.48644977143131,92.07070707070707
96.90325803935626,90.09090909090908
83.51818836558459,84.15151515151516
85.72441052651493,76.23232323232324
97.25868276718928,95.04040404040404
83.41726147356411,88.1111111111111
71.30214794953538,85.14141414141415
83.40467484734243,84.15151515151516
84.64383200824555,89.1010101010101
85.22573416589775,94.05050505050507
57.292718676885116,67.32323232323233
83.80822093427598,80.19191919191918
84.38133831698147,86.13131313131312
92.23909650208489,90.09090909090908
75.832733221005,76.23232323232324
100.00257069892545,97.02020202020199
96.25973967723324,97.02020202020199
97.90013734822953,96.03030303030302
88.90518430043065,80.19191919191918
79.97921730654006,83.16161616161615
85.12113480463951,95.04040404040404
94.27921921573366,90.09090909090908
93.24097463490345,87.12121212121211
69.12689830204788,78.2121212121212
81.31321743907316,90.09090909090908
82.27251881859922,92.07070707070707
80.40307366896803,82.17171717171716
100.85868667032275,88.1111111111111
80.07622596213925,88.1111111111111
72.28093385423733,76.23232323232324
63.28950886408058,82.17171717171716
87.97859684781989,90.09090909090908
95.74132380146725,90.09090909090908
76.82906454011182,82.17171717171716
74.06642383404082,80.19191919191918
78.43357940546124,87.12121212121211
70.17130629816116,71.28282828282828
81.11916916099375,93.06060606060605
82.4655621286229,80.19191919191918
95.34527881648866,93.06060606060605
86.85673005081082,93.06060606060605
77.54087435389059,76.23232323232324
74.89493483261758,70.29292929292929
85.29112781714345,94.05050505050507
99.67073088435535,94.05050505050507
79.01101251727515,89.1010101010101
98.93448971717375,91.08080808080808
90.88440382401728,88.1111111111111
65.74718197113106,51.484848484848484
53.17251791530945,60.3939393939394
82.92377714918588,85.14141414141415
81.68318429481376,87.12121212121211
72.63041786427345,84.15151515151516
95.38636323979702,96.03030303030302
81.28340962233267,86.13131313131312
92.78124306633482,87.12121212121211
67.22971145004077,64.35353535353536
84.89817657355809,94.05050505050507
99.69879396219879,93.06060606060605
97.57855837868148,98.01010101010102
78.49769059273446,85.14141414141415
93.53253101889521,94.05050505050507
84.52954481625441,89.1010101010101
59.615501566096114,66.33333333333331
67.70437399649413,65.34343434343434
57.52897088898705,72.27272727272728
95.26269904066389,93.06060606060605
72.84869933870279,74.25252525252526
80.59843230634714,91.08080808080808
86.09913282251964,91.08080808080808
85.57291733463904,96.03030303030302
96.75744113848947,93.06060606060605
90.66311362870645,87.12121212121211
40.08335419459126,1.0
73.55276787572916,75.24242424242424
97.37267661173595,99.0
81.3220060410371,90.09090909090908
73.35980521876523,76.23232323232324
97.03327438715122,93.06060606060605
95.22931777538867,92.07070707070707
83.04279123841268,90.09090909090908
96.50015141866086,95.04040404040404
81.79259356807131,82.17171717171716
94.98126923174205,95.04040404040404
72.07739490406337,84.15151515151516
93.27119923662411,81.18181818181819
82.51326789286206,95.04040404040404
98.0683254037087,80.19191919191918
93.36199036939189,93.06060606060605
94.49569541556974,94.05050505050507
82.29998179502974,89.1010101010101
90.45521111163832,90.09090909090908
85.57310306667804,94.05050505050507
88.38486922657327,90.09090909090908
75.2531971778387,79.20202020202022
93.59497253513861,92.07070707070707
74.17527536950664,80.19191919191918
85.6639146122877,93.06060606060605
101.50239281770321,97.02020202020199
85.70125789073053,79.20202020202022
81.51672003406173,79.20202020202022
81.32554449384587,87.12121212121211
77.49736102046454,76.23232323232324
79.29261296314422,85.14141414141415
85.71972735373342,94.05050505050507
96.11014646003261,98.01010101010102
99.378250711059,97.02020202020199
90.66521264060387,87.12121212121211
93.92614331786108,91.08080808080808
99.78550238019437,97.02020202020199
76.40392023180718,81.18181818181819
65.87232766182271,62.37373737373738
77.86480949289783,87.12121212121211
97.80186228973461,97.02020202020199
77.48299484581784,90.09090909090908
81.87044732115595,89.1010101010101
93.00335007533751,91.08080808080808
85.09984699036107,81.18181818181819
79.8990272795512,89.1010101010101
80.18614170393366,84.15151515151516
82.02073939487745,80.19191919191918
98.20880973800658,98.01010101010102
82.39651477502213,86.13131313131312
91.6490074198644,85.14141414141415
97.50402724657376,98.01010101010102
96.04207563680751,98.01010101010102
83.60908572856539,82.17171717171716
101.27389640240739,98.01010101010102
92.49522482819012,91.08080808080808
75.57506128356019,76.23232323232324
99.4230329001263,88.1111111111111
64.67010931519904,73.26262626262626
90.69040401640497,86.13131313131312
78.99840240211378,77.22222222222223
94.91225730984578,92.07070707070707
101.9114221442833,96.03030303030302
100.13567750236615,97.02020202020199
95.36550047867429,95.04040404040404
83.45943202224421,89.1010101010101
101.12918152145346,96.03030303030302
98.70910892653534,98.01010101010102
80.33041945248206,79.20202020202022
86.50245534600515,76.23232323232324
80.58097991256948,88.1111111111111
83.59149608103529,95.04040404040404
92.84119920428662,82.17171717171716
98.33801039080875,88.1111111111111
71.88824011972011,77.22222222222223
86.8947510124869,94.05050505050507
100.66043163984108,91.08080808080808
82.90702048452133,92.07070707070707
83.36706141976184,92.07070707070707
100.09837086171072,96.03030303030302
71.04236064346523,74.25252525252526
83.5520360506399,86.13131313131312
95.02009924410868,81.18181818181819
98.06717084911868,98.01010101010102
99.34019095003032,96.03030303030302
101.08498347582237,97.02020202020199
84.40208053347753,96.03030303030302
96.48723885032943,97.02020202020199
71.11480845223076,67.32323232323233
97.33012198401197,97.02020202020199
85.42011114373751,94.05050505050507
98.92352531338821,86.13131313131312
67.16211997179681,67.32323232323233
100.34737655711379,89.1010101010101
90.66359395164851,91.08080808080808
84.69616329769471,88.1111111111111
86.73906544133303,79.20202020202022
96.24457946829489,95.04040404040404
97.05831556877366,96.03030303030302
96.40022268708528,96.03030303030302
79.62734301498338,80.19191919191918
75.60554809868776,83.16161616161615
74.79281367322842,72.27272727272728
98.5097742424239,90.09090909090908
95.86334585923566,98.01010101010102
83.54377750762231,96.03030303030302
99.04342889194392,98.01010101010102
99.04380054012307,96.03030303030302
62.990750330102244,56.43434343434343
97.66870485481698,98.01010101010102
84.96443597603489,89.1010101010101
94.14290593331087,92.07070707070707
84.4529711079826,84.15151515151516
85.97963092931168,81.18181818181819
83.76800326254094,88.1111111111111
93.17304872420661,88.1111111111111
86.4372779608852,82.17171717171716
80.25724812832502,89.1010101010101
82.95905392438553,78.2121212121212
80.61482940647608,84.15151515151516
81.34213072261211,85.14141414141415
94.95376915177283,97.02020202020199
73.61114552517843,79.20202020202022
88.6492124771039,91.08080808080808
97.20027103371253,89.1010101010101
85.44844511590027,92.07070707070707
85.97435193506632,90.09090909090908
92.59880286006218,91.08080808080808
73.64919121564347,76.23232323232324
77.40061272822525,83.16161616161615
97.33043714667792,93.06060606060605
100.20934902136153,94.05050505050507
-46.426504379233755,1.0
67.13183941923998,63.36363636363636
98.55316095135744,93.06060606060605
94.56490850210076,94.05050505050507
62.24048972173194,60.3939393939394
73.0191006525504,65.34343434343434
85.36546089116423,94.05050505050507
97.90378459283745,98.01010101010102
78.9845698342923,78.2121212121212
84.48960598895393,88.1111111111111
82.05561077801437,97.02020202020199
81.80400047118073,89.1010101010101
57.98126422008309,57.42424242424243
95.40871166766516,85.14141414141415
100.20880945358495,96.03030303030302
93.13764895344136,91.08080808080808
85.55510564369328,95.04040404040404
97.08705967178295,94.05050505050507
91.8518330143964,89.1010101010101
72.11358293439771,81.18181818181819
100.1819848474441,95.04040404040404
98.88664987688931,97.02020202020199
28.302463203017385,1.0
46.00511442873711,1.0
99.65061425696608,93.06060606060605
98.97471916493106,91.08080808080808
84.7383133574492,90.09090909090908
85.10202170038542,92.07070707070707
92.76592275835674,89.1010101010101
79.92029042437869,81.18181818181819
79.31232012303411,86.13131313131312
84.15685900610794,92.07070707070707
94.30653526110423,91.08080808080808
86.17318011097701,86.13131313131312
82.99153290528703,79.20202020202022
78.60779447230199,84.15151515151516
85.72001948877818,94.05050505050507
74.8602748832164,84.15151515151516
92.56633312166598,77.22222222222223
68.00637430354195,65.34343434343434
73.57463098085967,75.24242424242424
82.81434185985084,91.08080808080808
84.38803261515783,91.08080808080808
84.280732080698,97.02020202020199
99.1003630142212,94.05050505050507
82.92091547293747,90.09090909090908
74.86778929588083,85.14141414141415
87.03865608913587,94.05050505050507
74.34957419090114,78.2121212121212
63.223409925139855,68.31313131313131
95.75816513395603,94.05050505050507
100.89754063406771,96.03030303030302
84.38623747080587,95.04040404040404
74.47464420737762,79.20202020202022
72.65796255731105,80.19191919191918
83.83053329146743,89.1010101010101
94.55497200599541,90.09090909090908
83.64541870042734,88.1111111111111
79.74640131102677,85.14141414141415
80.16910859131777,84.15151515151516
84.65540176686021,96.03030303030302
76.43713221985163,80.19191919191918
92.21926671370818,85.14141414141415
90.91457226994844,80.19191919191918
99.21723975379881,92.07070707070707
93.44610804416743,87.12121212121211
84.36945576327906,88.1111111111111
66.45058336341465,61.38383838383838
82.39978071332854,78.2121212121212
77.47985602190023,88.1111111111111
99.80079320657265,97.02020202020199
83.5329605015102,89.1010101010101
51.255148097369286,1.0
81.74944829418746,90.09090909090908
97.98641772496582,95.04040404040404
80.62442641046862,91.08080808080808
99.46321994180971,93.06060606060605
70.17111944233824,78.2121212121212
98.89155212303181,91.08080808080808
80.55468537983919,80.19191919191918
76.18801114747903,81.18181818181819
86.29924419458759,91.08080808080808
69.41315030852357,79.20202020202022
97.89035237084931,98.01010101010102
79.01774154927557,65.34343434343434
9.570463505299475,1.0
98.12406596889335,98.01010101010102
80.85251129805542,71.28282828282828
80.9808100730747,69.3030303030303
76.27567589925665,76.23232323232324
98.99486549670334,99.0
76.44572231497888,77.22222222222223
70.6276674534602,66.33333333333331
83.5428150991948,91.08080808080808
79.27580878072843,86.13131313131312
94.09420675890296,90.09090909090908
46.04934417449847,46.535353535353536
97.41367280054043,97.02020202020199
99.31792388038305,90.09090909090908
100.67355820095764,92.07070707070707
98.3800385910256,94.05050505050507
98.83331274041697,94.05050505050507
95.70654667569129,96.03030303030302
71.01883258369489,76.23232323232324
63.467849528550154,62.37373737373738
91.80315695734257,94.05050505050507
79.16735731478354,83.16161616161615
70.5177085679065,75.24242424242424
84.69487023074471,89.1010101010101
81.88236965186734,76.23232323232324
68.79367315174855,71.28282828282828
94.85608264415883,88.1111111111111
83.88554611382679,84.15151515151516
97.54309383730156,98.01010101010102
58.1859401917669,67.32323232323233
65.34717184955377,66.33333333333331
92.14583602913,90.09090909090908
76.47106567685137,79.20202020202022
93.02055166535429,79.20202020202022
77.78175482108891,72.27272727272728
96.41968999114293,95.04040404040404
16.80534135274739,1.0
73.29382891189147,76.23232323232324
91.6083852066035,91.08080808080808
75.81381777229377,77.22222222222223
93.2046264064197,94.05050505050507
76.81339683705455,76.23232323232324
82.44626918041045,92.07070707070707
80.50896310951882,90.09090909090908
77.74820528064811,73.26262626262626
66.60638986202193,62.37373737373738
84.7562724706613,93.06060606060605
98.11284205897128,95.04040404040404
99.75276365994566,97.02020202020199
93.1987244019637,91.08080808080808
78.8072864447045,92.07070707070707
85.72715289388708,90.09090909090908
95.97520042358516,97.02020202020199
79.24114662745828,86.13131313131312
62.41597123287963,65.34343434343434
76.08364982167303,77.22222222222223
97.04784006854591,96.03030303030302
88.89419766724804,85.14141414141415
99.87248491534645,94.05050505050507
80.75273964361799,82.17171717171716
74.47792193365281,76.23232323232324
15.984757258234337,1.0
94.60797841036063,93.06060606060605
80.40775578346225,88.1111111111111
84.78004926751369,90.09090909090908
80.13209589649814,74.25252525252526
86.64361501695718,93.06060606060605
84.3965374765169,92.07070707070707
35.151434576099625,1.0
76.71317298135209,86.13131313131312
93.56168918581199,95.04040404040404
80.2772888032162,91.08080808080808
77.18726616756835,85.14141414141415
83.17202241750464,94.05050505050507
43.654423690114214,1.0
86.81184003244185,83.16161616161615
85.91259034609439,83.16161616161615
56.09223789376538,1.0
94.08918352711557,89.1010101010101
85.5507984811408,77.22222222222223
21.615698473417027,1.0
79.61000460977274,85.14141414141415
91.48911378235972,89.1010101010101
83.17687708062309,88.1111111111111
84.47957103173856,92.07070707070707
86.2705976072062,94.05050505050507
84.72921658288428,91.08080808080808
88.66008417583583,89.1010101010101
63.80056943732083,64.35353535353536
100.79515179293072,98.01010101010102
77.34725722770817,79.20202020202022
84.88989820598434,88.1111111111111
80.69017891233861,83.16161616161615
98.11435868777042,98.01010101010102
100.17821498193845,93.06060606060605
81.4872192649679,89.1010101010101
67.30944203070727,66.33333333333331
91.11650032129486,88.1111111111111
85.68951585542388,97.02020202020199
97.9348217345481,96.03030303030302
51.50782749134155,1.0
84.89810091769104,76.23232323232324
82.58639728172645,79.20202020202022
52.08613007718839,1.0
83.91564925692269,94.05050505050507
72.22090166059066,68.31313131313131
95.2160860775118,91.08080808080808
91.1669314872358,86.13131313131312
83.01791786642168,93.06060606060605
83.89108840243873,86.13131313131312
84.46325887143885,90.09090909090908
99.56418986660009,91.08080808080808
100.11272341984483,94.05050505050507
0.19374663333393016,1.0
97.67556046138215,97.02020202020199
92.14550794177173,83.16161616161615
65.4535528941286,58.41414141414141
83.8586891376613,87.12121212121211
82.37881406681227,89.1010101010101
90.24244121993745,86.13131313131312
97.50378064110477,92.07070707070707
96.8237723589197,92.07070707070707
80.49447872871517,85.14141414141415
93.80666304824294,90.09090909090908
82.33006440289013,93.06060606060605
98.1561371762289,97.02020202020199
92.8139950371342,88.1111111111111
80.11861888225964,89.1010101010101
86.40910959946487,89.1010101010101
97.80390364802231,98.01010101010102
84.95908400005679,91.08080808080808
86.21829367162364,82.17171717171716
83.0035439527357,88.1111111111111
81.79129872094744,87.12121212121211
85.44791308343103,91.08080808080808
96.92751391745928,95.04040404040404
61.21420455881882,55.44444444444445
81.2791978101406,94.05050505050507
78.40363494513194,71.28282828282828
99.48800603755029,98.01010101010102
85.27131323077866,89.1010101010101
81.80927495821113,93.06060606060605
87.60109208436542,90.09090909090908
84.68934801978081,90.09090909090908
52.76507779407267,1.0
87.95548625079003,85.14141414141415
61.1923030157517,57.42424242424243
98.59345590868791,99.0
97.78294130896955,96.03030303030302
97.55735021387676,98.01010101010102
80.94180158222798,93.06060606060605
100.97584910098787,86.13131313131312
98.01247970944677,97.02020202020199
83.03609091151749,91.08080808080808
73.74237343343091,81.18181818181819
81.15820260750178,82.17171717171716
79.14422263092581,87.12121212121211
98.07587773648426,98.01010101010102
95.77816592466918,89.1010101010101
26.75970400550318,1.0
94.74152478587837,93.06060606060605
82.90504636830464,91.08080808080808
82.56606030123237,93.06060606060605
74.16539232580219,77.22222222222223
90.70830213247383,90.09090909090908
86.38356774029592,79.20202020202022
72.09496452730812,74.25252525252526
99.8538933422109,97.02020202020199
96.75598489682675,89.1010101010101
101.18892643783474,91.08080808080808
86.43429397719383,92.07070707070707
71.92820621784027,79.20202020202022
83.03681799835549,92.07070707070707
78.75315455749843,87.12121212121211
82.00989322174462,79.20202020202022
84.67020803640104,90.09090909090908
101.1985554126788,92.07070707070707
64.73047885712798,63.36363636363636
13.54182659453768,1.0
82.58187699305591,91.08080808080808
84.91007825171572,94.05050505050507
82.00582237424892,85.14141414141415
80.19351902151507,76.23232323232324
83.30664750454031,85.14141414141415
100.78655369614252,89.1010101010101
85.2382648168452,90.09090909090908
96.31998850893254,97.02020202020199
84.99468595100862,93.06060606060605
78.4687075690823,88.1111111111111
86.0243765380735,89.1010101010101
96.27728827811524,98.01010101010102
92.63617172604145,91.08080808080808
101.02377769454368,98.01010101010102
88.45088611962423,90.09090909090908
90.19992097930233,92.07070707070707
100.56754238063024,97.02020202020199
92.06941879320418,91.08080808080808
89.85162651194817,88.1111111111111
82.4230554616181,86.13131313131312
85.88673671753446,91.08080808080808
102.00381449544929,95.04040404040404
100.64690959093657,91.08080808080808
81.17626502356644,85.14141414141415
84.77936832840703,88.1111111111111
89.84969558257265,86.13131313131312
71.01993843897424,69.3030303030303
63.04740193043166,57.42424242424243
99.88379430940488,87.12121212121211
92.86965003820173,92.07070707070707
78.6953814944767,85.14141414141415
93.83245933438427,92.07070707070707
26.268492406475826,1.0
81.99972282833835,94.05050505050507
99.04430693859334,96.03030303030302
90.39550384077182,80.19191919191918
95.07582588981289,92.07070707070707
84.05754295622064,95.04040404040404
82.11746638823134,85.14141414141415
76.52482011816227,78.2121212121212
76.14226083299981,81.18181818181819
83.50829636488498,71.28282828282828
83.13138315919261,84.15151515151516
99.72722551048074,87.12121212121211
97.82750387864961,97.02020202020199
99.93260532531517,93.06060606060605
85.78240250469685,96.03030303030302
59.25463080965579,58.41414141414141
78.47069773367244,76.23232323232324
82.50673571009492,85.14141414141415
99.84454873116921,98.01010101010102
81.55967026431257,93.06060606060605
86.9214617874992,83.16161616161615
98.7748895720284,91.08080808080808
97.90672596679802,96.03030303030302
95.91481931387807,92.07070707070707
82.25129147440931,88.1111111111111
100.68886008737483,96.03030303030302
84.88857475785206,90.09090909090908
84.06520219308518,94.05050505050507
84.51704978898162,93.06060606060605
100.46918687708722,96.03030303030302
94.93245390770889,91.08080808080808
82.08995155083004,90.09090909090908
90.43254475865682,88.1111111111111
68.46610840861322,50.494949494949495
92.0689238269554,81.18181818181819
75.85923746404882,84.15151515151516
93.91092967295337,94.05050505050507
99.9712655409305,96.03030303030302
27.31569703702317,1.0
84.79683218707612,87.12121212121211
94.95768435032731,98.01010101010102
98.58240759109296,90.09090909090908
64.09075579614937,56.43434343434343
85.82880152884819,83.16161616161615
82.91014876987781,91.08080808080808
97.11452972911931,96.03030303030302
81.98458089734483,86.13131313131312
65.41693650197728,68.31313131313131
76.03523995479767,84.15151515151516
83.91544963559242,92.07070707070707
81.86106897089891,91.08080808080808
88.11586777996848,94.05050505050507
66.8727083947349,62.37373737373738
89.51977539664205,83.16161616161615
96.23198524470368,97.02020202020199
99.02871776235676,94.05050505050507
100.32488258553616,91.08080808080808
98.80122685515825,91.08080808080808
101.22657509174533,94.05050505050507
96.62412413141934,97.02020202020199
101.66824869529162,89.1010101010101
101.12496593068279,98.01010101010102
62.95816469808681,72.27272727272728
84.02167241622834,84.15151515151516
85.84292446043985,91.08080808080808
83.24970322501493,93.06060606060605
91.33228063283754,90.09090909090908
85.63598457121127,77.22222222222223
83.30694057736596,88.1111111111111
80.1727277098738,91.08080808080808
86.48404530579931,84.15151515151516
84.1248224253549,95.04040404040404
96.37375861866728,93.06060606060605
87.1794256511515,85.14141414141415
96.54952889410724,93.06060606060605
84.80861102905408,94.05050505050507
81.50997283048692,92.07070707070707
85.51094893315725,97.02020202020199
94.7722361161569,85.14141414141415
71.90309106284502,66.33333333333331
82.79485456663681,94.05050505050507
72.37626598200396,79.20202020202022
83.91311522771815,94.05050505050507
97.97567126116053,96.03030303030302
96.80093348779664,97.02020202020199
83.32596565108277,94.05050505050507
75.5784424688875,63.36363636363636
95.29947268752218,95.04040404040404
84.27627659764771,87.12121212121211
93.06157253556198,93.06060606060605
74.06657782084038,76.23232323232324
43.7008540205506,1.0
97.52286512773509,98.01010101010102
85.14112321525037,91.08080808080808
95.52837370133909,93.06060606060605
80.0581370131179,87.12121212121211
82.66255143682412,94.05050505050507
82.03548060218763,86.13131313131312
87.57704262787273,79.20202020202022
53.41399037045894,1.0
84.1969357697409,94.05050505050507
92.16465560259708,93.06060606060605
83.16248637615605,91.08080808080808
84.12723338665991,96.03030303030302
71.23852257915033,84.15151515151516
84.58691019286229,89.1010101010101
79.23359561567855,79.20202020202022
84.8992006022637,90.09090909090908
86.9394306218334,88.1111111111111
72.97251375843818,83.16161616161615
97.38295957774328,97.02020202020199
78.80554847593635,83.16161616161615
86.50501706736793,88.1111111111111
98.9808462955516,88.1111111111111
85.54767545076675,83.16161616161615
73.94932329834324,76.23232323232324
76.87161086547658,85.14141414141415
90.02038289246913,83.16161616161615
96.67927928901086,94.05050505050507
85.22587668215809,85.14141414141415
84.76011254798222,89.1010101010101
91.86105655821554,90.09090909090908
83.65703159314867,89.1010101010101
74.11226421693269,76.23232323232324
27.15887147942997,2.97979797979798
81.6919098132927,87.12121212121211
89.85610140442314,87.12121212121211
97.52223445092639,95.04040404040404
83.39819501424068,92.07070707070707
78.67558158901431,77.22222222222223
85.76911250519892,94.05050505050507
76.727406854909,81.18181818181819
83.03229022687208,89.1010101010101
83.43260286099606,88.1111111111111
96.20243355618717,94.05050505050507
85.5958397961507,93.06060606060605
83.38426554746472,90.09090909090908
89.79663703989698,90.09090909090908
88.63074755825572,85.14141414141415
80.37746465918035,86.13131313131312
28.717937666539576,1.0
87.75720055212014,87.12121212121211
96.6470865526465,92.07070707070707
90.89775480152377,91.08080808080808
83.11825489337659,87.12121212121211
102.0876575460596,98.01010101010102
98.50568842656828,91.08080808080808
90.28618123593483,89.1010101010101
92.1374944147857,88.1111111111111
86.9298585136884,79.20202020202022
95.4943997111708,84.15151515151516
69.1074824368725,72.27272727272728
94.27476624737308,92.07070707070707
88.36868069405024,86.13131313131312
73.6223897747828,73.26262626262626
72.76268125632919,89.1010101010101
83.08025780830046,89.1010101010101
81.95950980819825,90.09090909090908
82.85572864408284,87.12121212121211
85.68203204987415,95.04040404040404
81.52353331334476,90.09090909090908
84.90404879497333,77.22222222222223
96.0566521224733,98.01010101010102
92.56184593252421,89.1010101010101
89.31981247001875,84.15151515151516
82.26280749859772,96.03030303030302
89.57991221242781,91.08080808080808
97.2084890108558,97.02020202020199
81.47822051337015,92.07070707070707
72.27807430326182,77.22222222222223
90.48332221946862,89.1010101010101
97.47203660932821,97.02020202020199
99.01138011045663,93.06060606060605
99.9491045040075,92.07070707070707
84.05629731101114,92.07070707070707
95.28814624098447,87.12121212121211
93.36109796158635,93.06060606060605
83.26586686130783,91.08080808080808
80.2086187613467,78.2121212121212
71.79303291029414,73.26262626262626
92.61299490648605,90.09090909090908
78.2866142467266,80.19191919191918
98.20544723409542,93.06060606060605
80.65723383589523,81.18181818181819
80.60488140495056,86.13131313131312
73.97478990697168,78.2121212121212
95.41060006413461,96.03030303030302
100.57724425510477,88.1111111111111
64.5157065113032,66.33333333333331
85.41812188844176,94.05050505050507
74.52624533057286,71.28282828282828
101.88859051115735,94.05050505050507
101.92231398434073,92.07070707070707
86.29703681118035,93.06060606060605
84.18696287351366,95.04040404040404
49.46718931656787,1.0
85.50804459386303,90.09090909090908
84.77798053788065,89.1010101010101
85.22871538698696,87.12121212121211
81.86128905597182,94.05050505050507
90.12599865792654,90.09090909090908
95.16087927326359,93.06060606060605
95.9641850726057,91.08080808080808
84.37701205343235,91.08080808080808
92.33010705939903,84.15151515151516
84.27040279187496,92.07070707070707
62.67064414705327,70.29292929292929
85.62931285548551,90.09090909090908
71.057872524268,83.16161616161615
70.3036074336583,68.31313131313131
21.820785737631223,1.0
101.19961930414776,98.01010101010102
77.30755706620437,86.13131313131312
74.90266715373014,79.20202020202022
66.22623317328939,59.4040404040404
85.68681436583084,88.1111111111111
101.0632891690128,97.02020202020199
78.06951070078387,81.18181818181819
92.50101953683404,86.13131313131312
83.50413502236512,91.08080808080808
94.52475882144557,93.06060606060605
44.534042726528604,1.0
98.52255373078175,98.01010101010102
94.08819490603352,96.03030303030302
99.49169574421167,97.02020202020199
99.8065352568658,98.01010101010102
91.47622148747728,87.12121212121211
78.73953673167267,72.27272727272728
97.72320007209441,94.05050505050507
82.99650089854116,88.1111111111111
95.09603298651753,96.03030303030302
99.94858635798062,94.05050505050507
99.15893441727225,89.1010101010101
78.48690832565437,86.13131313131312
79.66988739935273,85.14141414141415
101.2526441905017,98.01010101010102
84.31296211443583,95.04040404040404
28.75187327968352,1.0
55.105840615234015,1.0
73.27587052089379,84.15151515151516
93.78156485169812,84.15151515151516
95.89664049042729,93.06060606060605
82.1190353109706,91.08080808080808
92.61041071357413,91.08080808080808
97.49448051705613,95.04040404040404
76.48314412711058,79.20202020202022
97.52107260584609,97.02020202020199
74.92156732112286,84.15151515151516
101.1329904126548,90.09090909090908
75.69560482926236,78.2121212121212
85.79425541319618,89.1010101010101
90.25219250302878,87.12121212121211
81.96475518571525,88.1111111111111
76.90646377001116,79.20202020202022
95.67666360514458,86.13131313131312
78.269998962237,88.1111111111111
81.37175938895476,79.20202020202022
77.77056067040499,80.19191919191918
67.32165157460238,76.23232323232324
74.68453496414209,72.27272727272728
82.88121241025651,90.09090909090908
91.09893367354732,90.09090909090908
98.90460791678798,92.07070707070707
101.48690236643944,98.01010101010102
98.2074469938838,94.05050505050507
72.70749263183392,85.14141414141415
93.92515173995791,94.05050505050507
84.31282999730199,85.14141414141415
102.22983608305493,98.01010101010102
90.6390637810028,81.18181818181819
81.35357637402848,70.29292929292929
82.31531602083473,90.09090909090908
82.25239544815163,80.19191919191918
95.16487090262541,95.04040404040404
70.0072926435346,70.29292929292929
80.31995552003066,85.14141414141415
80.97956519375231,89.1010101010101
51.86868754341607,1.0
30.34461870975272,1.0
26.707696408158977,1.0
31.61763858542517,1.0
80.66957683864901,85.14141414141415
83.9930299711965,96.03030303030302
84.16357530037575,91.08080808080808
84.30081647142867,93.06060606060605
85.4970005206171,86.13131313131312
84.29221983923784,79.20202020202022
94.31751781766876,94.05050505050507
76.16587323685533,77.22222222222223
79.47854125650593,84.15151515151516
87.31166982248254,75.24242424242424
92.31757058672095,89.1010101010101
81.23027606926155,74.25252525252526
27.152247147585875,1.0
102.23064433639456,98.01010101010102
83.86228919485274,88.1111111111111
98.04098494138854,91.08080808080808
66.16417006194018,71.28282828282828
84.67851840695683,94.05050505050507
76.19589173195048,80.19191919191918
94.64551732005353,84.15151515151516
96.0458817968377,97.02020202020199
90.02743906684076,87.12121212121211
75.82359045732525,83.16161616161615
98.181616439955,98.01010101010102
85.3250715561277,90.09090909090908
100.0954867106379,96.03030303030302
89.48940166758656,82.17171717171716
81.49171877982545,96.03030303030302
94.43206992550309,91.08080808080808
97.24275885418324,95.04040404040404
84.55111266487985,95.04040404040404
84.771211912089,86.13131313131312
40.83694403712803,1.0
78.4954911501742,83.16161616161615
98.54216228616234,94.05050505050507
100.54062369262485,96.03030303030302
88.206261139681,87.12121212121211
91.73382456715564,90.09090909090908
96.62926738250144,97.02020202020199
32.398316722070874,1.0
80.25022587614895,83.16161616161615
70.91100387803701,71.28282828282828
89.02579646561657,91.08080808080808
69.59060939456326,76.23232323232324
84.97467560442826,81.18181818181819
86.64058725691324,90.09090909090908
96.48521529405362,97.02020202020199
95.97649088475642,84.15151515151516
97.98399087356408,96.03030303030302
81.43710662498984,88.1111111111111
89.36749517731015,87.12121212121211
101.11981454125937,98.01010101010102
72.74495444156918,75.24242424242424
81.61838212568598,84.15151515151516
84.05362613637318,92.07070707070707
82.40959072118298,87.12121212121211
84.79285546857952,93.06060606060605
100.17153918317145,97.02020202020199
83.62548830752856,91.08080808080808
93.72383569412438,92.07070707070707
100.61144553033544,98.01010101010102
91.73244878638265,91.08080808080808
97.36583774152243,97.02020202020199
95.02779914149576,84.15151515151516
82.52959017736158,79.20202020202022
86.36258395505696,75.24242424242424
84.95779343608334,89.1010101010101
80.2254663971234,81.18181818181819
69.68264035902644,78.2121212121212
82.45453903780839,85.14141414141415
99.19014880552726,97.02020202020199
91.04767021012788,84.15151515151516
86.54338461393391,82.17171717171716
80.14907847411439,83.16161616161615
83.70682961732008,95.04040404040404
93.76145798819954,95.04040404040404
90.90335952677638,85.14141414141415
-26.183945923181636,1.0
36.39649945662554,1.0
82.40097666530193,88.1111111111111
92.95404549881053,93.06060606060605
81.55377727023688,82.17171717171716
101.14769202441413,87.12121212121211
83.51748419341764,92.07070707070707
83.83573955843649,91.08080808080808
96.03614124908246,74.25252525252526
55.879283663416714,52.47474747474748
97.97678115683624,97.02020202020199
85.75606641833588,94.05050505050507
97.6969797368048,93.06060606060605
91.78061666212835,93.06060606060605
99.30164798644765,95.04040404040404
96.89261752192995,92.07070707070707
